{
	"first": [
		{
			"id": 1,
			"dg": {
				"rows": 6,
				"cols": 1,
				"matrix": [[0.0], [0.0], [0.0], [0.0011090264081026614], [-1.8791264059045144E-4], [-8.960716978548522E-4]]
			},
			"d": {
				"rows": 6,
				"cols": 1,
				"matrix": [[0.0], [0.0], [0.0], [-1.8791264059045144E-4], [-0.0011090264081026614], [-8.960716978548522E-4]]
			},
			"f": {
				"rows": 6,
				"cols": 1,
				"matrix": [[150.33011247236115], [25.554565229737094], [61.39743314393118], [-150.33011247236115], [-25.554565229737094], [-10.288302684456994]]
			},
			"fg": {
				"rows": 6,
				"cols": 1,
				"matrix": [[-25.554565229737094], [150.33011247236115], [61.39743314393118], [25.554565229737094], [-150.33011247236115], [-10.288302684456994]]
			},
			"rg": {
				"rows": 18,
				"cols": 1,
				"matrix": [[-25.554565229737094], [150.33011247236115], [61.39743314393118], [0.0], [0.0], [0.0], [25.554565229737094], [-150.33011247236115], [-10.288302684456994], [0.0], [0.0], [0.0], [0.0], [0.0], [0.0], [0.0], [0.0], [0.0]]
			}
		}, {
			"id": 2,
			"dg": {
				"rows": 6,
				"cols": 1,
				"matrix": [[0.0], [0.0], [-3.8204895655503696E-4], [0.0017120752018999876], [-7.0730575793342E-4], [0.0013675227459527084]]
			},
			"d": {
				"rows": 6,
				"cols": 1,
				"matrix": [[0.0], [0.0], [-3.8204895655503696E-4], [-7.0730575793342E-4], [-0.0017120752018999876], [0.0013675227459527084]]
			},
			"f": {
				"rows": 6,
				"cols": 1,
				"matrix": [[161.66988752763885], [14.445434770262867], [30.563916524402952], [-161.66988752763885], [-14.445434770262867], [70.55412686743713]]
			},
			"fg": {
				"rows": 6,
				"cols": 1,
				"matrix": [[-14.445434770262867], [161.66988752763885], [30.563916524402952], [14.445434770262867], [-161.66988752763885], [70.55412686743713]]
			},
			"rg": {
				"rows": 18,
				"cols": 1,
				"matrix": [[0.0], [0.0], [0.0], [-14.445434770262867], [161.66988752763885], [30.563916524402952], [0.0], [0.0], [0.0], [0.0], [0.0], [0.0], [14.445434770262867], [-161.66988752763885], [70.55412686743713], [0.0], [0.0], [0.0]]
			}
		}, {
			"id": 3,
			"dg": {
				"rows": 6,
				"cols": 1,
				"matrix": [[0.0011090264081026614], [-1.8791264059045144E-4], [-8.960716978548522E-4], [-0.004807092750829257], [-4.0716646967021557E-4], [0.0]]
			},
			"d": {
				"rows": 6,
				"cols": 1,
				"matrix": [[-1.8791264059045144E-4], [-0.0011090264081026614], [-8.960716978548522E-4], [-4.0716646967021557E-4], [0.004807092750829257], [0.0]]
			},
			"f": {
				"rows": 6,
				"cols": 1,
				"matrix": [[87.70153163190567], [-35.626522313817475], [-142.5060892552699], [-87.70153163190567], [35.626522313817475], [0.0]]
			},
			"fg": {
				"rows": 6,
				"cols": 1,
				"matrix": [[35.626522313817475], [87.70153163190567], [-142.5060892552699], [-35.626522313817475], [-87.70153163190567], [0.0]]
			},
			"rg": {
				"rows": 18,
				"cols": 1,
				"matrix": [[0.0], [0.0], [0.0], [0.0], [0.0], [0.0], [35.626522313817475], [87.70153163190567], [-142.5060892552699], [-35.626522313817475], [-87.70153163190567], [0.0], [0.0], [0.0], [0.0], [0.0], [0.0], [0.0]]
			}
		}, {
			"id": 4,
			"dg": {
				"rows": 6,
				"cols": 1,
				"matrix": [[0.0011090264081026614], [-1.8791264059045144E-4], [-8.960716978548522E-4], [0.0017120752018999876], [-7.0730575793342E-4], [0.0013675227459527084]]
			},
			"d": {
				"rows": 6,
				"cols": 1,
				"matrix": [[9.514425918676678E-4], [-6.000064405845173E-4], [-8.960716978548522E-4], [0.001308336433317904], [-0.0013113880849769982], [0.0013675227459527084]]
			},
			"f": {
				"rows": 6,
				"cols": 1,
				"matrix": [[-73.9253958707983], [-70.3501224766739], [-159.20560806027314], [13.925395870798297], [-73.64987752332607], [180.65401586351223]]
			},
			"fg": {
				"rows": 6,
				"cols": 1,
				"matrix": [[-41.18108754355462], [-93.37141915954449], [-159.20560806027314], [41.18108754355461], [-62.6285808404555], [180.65401586351223]]
			},
			"rg": {
				"rows": 18,
				"cols": 1,
				"matrix": [[0.0], [0.0], [0.0], [0.0], [0.0], [0.0], [-41.18108754355461], [-15.371419159544502], [-3.2056080602731356], [0.0], [0.0], [0.0], [41.18108754355461], [15.371419159544502], [24.654015863512228], [0.0], [0.0], [0.0]]
			}
		}, {
			"id": 5,
			"dg": {
				"rows": 6,
				"cols": 1,
				"matrix": [[-0.004807092750829257], [-4.0716646967021557E-4], [0.0], [-0.005095699696848104], [-8.780519288536559E-4], [0.0038905821138819196]]
			},
			"d": {
				"rows": 6,
				"cols": 1,
				"matrix": [[-0.004593918873715552], [0.001473035855238746], [0.0], [-0.005041435077418888], [0.001149375025999742], [0.0038905821138819196]]
			},
			"f": {
				"rows": 6,
				"cols": 1,
				"matrix": [[25.078917378872006], [-48.439556306632234], [0.0], [-85.078917378872], [-95.56044369336774], [306.28576801378074]]
			},
			"fg": {
				"rows": 6,
				"cols": 1,
				"matrix": [[41.78036846766348], [-35.06769913732514], [0.0], [-41.7803684676635], [-120.93230086267485], [306.28576801378074]]
			},
			"rg": {
				"rows": 18,
				"cols": 1,
				"matrix": [[0.0], [0.0], [0.0], [0.0], [0.0], [0.0], [0.0], [0.0], [0.0], [48.70344539074041], [26.316916247290237], [0.0], [0.0], [0.0], [0.0], [-48.70344539074041], [-26.31691624729023], [72.28576801378077]]
			}
		}, {
			"id": 6,
			"dg": {
				"rows": 6,
				"cols": 1,
				"matrix": [[-0.005095699696848104], [-8.780519288536559E-4], [0.0038905821138819196], [0.0017120752018999876], [-7.0730575793342E-4], [0.0013675227459527084]]
			},
			"d": {
				"rows": 6,
				"cols": 1,
				"matrix": [[8.780519288536559E-4], [-0.005095699696848104], [0.0038905821138819196], [7.0730575793342E-4], [0.0017120752018999876], [0.0013675227459527084]]
			},
			"f": {
				"rows": 6,
				"cols": 1,
				"matrix": [[68.29846836809435], [55.626522313817475], [161.7142319862192], [-68.29846836809435], [-55.626522313817475], [60.79185726905074]]
			},
			"fg": {
				"rows": 6,
				"cols": 1,
				"matrix": [[55.626522313817475], [-68.29846836809435], [161.7142319862192], [-55.626522313817475], [68.29846836809435], [60.79185726905074]]
			},
			"rg": {
				"rows": 18,
				"cols": 1,
				"matrix": [[0.0], [0.0], [0.0], [0.0], [0.0], [0.0], [0.0], [0.0], [0.0], [0.0], [0.0], [0.0], [-55.626522313817475], [68.29846836809435], [60.79185726905074], [55.626522313817475], [-68.29846836809435], [161.7142319862192]]
			}
		}
	],
	"second": [
		{
			"id": 1,
			"displacs": [0.0, 0.0, 0.0],
			"reactions": [-25.554565229737094, 150.33011247236115, 61.39743314393118]
		}, {
			"id": 2,
			"displacs": [0.0, 0.0, -3.8204895655503696E-4],
			"reactions": [-14.445434770262867, 161.66988752763885, 30.563916524402952]
		}, {
			"id": 3,
			"displacs": [0.0011090264081026614, -1.8791264059045144E-4, -8.960716978548522E-4],
			"reactions": [-3.907985046680551E-14, 0.0, -2.8421709430404007E-14]
		}, {
			"id": 4,
			"displacs": [-0.004807092750829257, -4.0716646967021557E-4, 0.0],
			"reactions": [-1.3500311979441904E-13, -5.6843418860808015E-14, 0.0]
		}, {
			"id": 5,
			"displacs": [0.0017120752018999876, -7.0730575793342E-4, 0.0013675227459527084],
			"reactions": [3.552713678800501E-15, -1.4210854715202004E-14, 1.1368683772161603E-13]
		}, {
			"id": 6,
			"displacs": [-0.005095699696848104, -8.780519288536559E-4, 0.0038905821138819196],
			"reactions": [1.3500311979441904E-13, 2.8421709430404007E-14, 0.0]
		}
	]
}