{
	"first": [
		{
			"id": 1,
			"dg": {
				"rows": 6,
				"cols": 1,
				"matrix": [[0.0], [0.0], [0.0], [0.0], [-0.16327314636957363], [-0.06050710718401846]]
			},
			"d": {
				"rows": 6,
				"cols": 1,
				"matrix": [[0.0], [0.0], [0.0], [0.0], [-0.16327314636957363], [-0.06050710718401846]]
			},
			"f": {
				"rows": 6,
				"cols": 1,
				"matrix": [[0.0], [92.201306185171], [1198.616980407223], [0.0], [-92.201306185171], [-737.6104494813676]]
			},
			"fg": {
				"rows": 6,
				"cols": 1,
				"matrix": [[0.0], [92.201306185171], [1198.616980407223], [0.0], [-92.201306185171], [-737.6104494813676]]
			},
			"rg": {
				"rows": 9,
				"cols": 1,
				"matrix": [[0.0], [92.201306185171], [1198.616980407223], [0.0], [-92.201306185171], [-737.6104494813676], [0.0], [0.0], [0.0]]
			}
		}, {
			"id": 2,
			"dg": {
				"rows": 6,
				"cols": 1,
				"matrix": [[0.0], [-0.16327314636957363], [-0.06050710718401846], [0.0], [-0.8440261237034197], [-0.09738762965808691]]
			},
			"d": {
				"rows": 6,
				"cols": 1,
				"matrix": [[0.0], [-0.16327314636957363], [-0.06050710718401846], [0.0], [-0.8440261237034197], [-0.09738762965808691]]
			},
			"f": {
				"rows": 6,
				"cols": 1,
				"matrix": [[0.0], [92.20130618517112], [737.6104494813692], [0.0], [-92.20130618517112], [4.547473508864641E-13]]
			},
			"fg": {
				"rows": 6,
				"cols": 1,
				"matrix": [[0.0], [92.20130618517112], [737.6104494813692], [0.0], [-92.20130618517112], [4.547473508864641E-13]]
			},
			"rg": {
				"rows": 9,
				"cols": 1,
				"matrix": [[0.0], [0.0], [0.0], [0.0], [92.20130618517112], [737.6104494813692], [0.0], [-92.20130618517112], [4.547473508864641E-13]]
			}
		}
	],
	"second": [
		{
			"id": 1,
			"displacs": [0.0, 0.0, 0.0],
			"reactions": [0.0, 92.201306185171, 1198.616980407223]
		}, {
			"id": 2,
			"displacs": [0.0, -0.16327314636957363, -0.06050710718401846],
			"reactions": [0.0, 1.1368683772161603E-13, 1.5916157281026244E-12]
		}, {
			"id": 3,
			"displacs": [0.0, -0.8440261237034197, -0.09738762965808691],
			"reactions": [0.0, -42.20130618517112, 4.547473508864641E-13]
		}
	]
}